Term,Meaning
a.p.u,Aproko Progressive Unit.
aba made,Fake or counterfeit products
abeg,Please (a polite addition to a request or command)
abeg fly,"Leave, go away."
abeg limi,"Please, leave me alone!"
abero,Street boys characterized by waywardness
abi,"is it true? (checking conformity with fact, reason, truth or some standard or principle)"
abi na wetin,What is it? (Usually used while irritated)
abj,Abbreviation for Abuja the capital city of nigeria
abk,"Is a Slang for the city of ""Abeokuta""... In Ogun State Nigeria"
aboki,Been foolish or in the dark about things
abro,1. A term used to show respect amongst men
abs,Slang for Abuja
abu,Amadu Bello Univeristy
abuna,pussy
acada,1. An intellectual or talks in an intelligent way. 2. A university student 3. a bookworm
acata,See Akata: word for African American
acatay,A Nigerian who resides abroad but comes back to visit from time to time (mostly during Christmas ...
achaba,"Motorcycle for public transport, usually spoken in northern Nigeria. see: machine"
acting big man,One exercising of power in the absence of the boss
actor,"In a movie or play, the most important character."
actor and boss,The actor is the main good guy in a movie 'the hero' and the boss is the main adversary to the go...
adro,"Asylum, money paid to Asylum seekers"
afa,"A way of saying how are you, or hello"
afar,afar means how are you?
afta,"After, or later"
agaba,A Masquerade.
agada,Having bow legs
agaracha,A woman of easy virtue
agbada,1. Large traditional garment usually worn by men over a shirt.
agbaya,A bad elderly person
agbero,Labourer who carries heavy goods for a fee.
agege bread,a popular low class bread baked in lagos. common among laborers
agharacha,Woman of easy virtue
agidi,Locally prepared mashed rice cake
agro,Feeling Horny
ah-ahn!,my goodness!
ahlie,"A shortened form of walahi, used to affirm a statement, in place of ""as in"" or ""right?"""
aircon,This means airconditioner
airforce 1,Flying Witch
ajayi,An overachiever or someone that works excessively to impress the authority
ajebo,Someone who is was born with a silver spoon in their mouth or who is spoilt and has not experienc...
ajebutter,Someone who is was born with a silver spoon in their mouth or who is spoilt and has not experienc...
ajepaco,"someone who was brought up in the harsh way of life, also a local champion."
ajepako,The opposite of ajebota. see ajebota
ajuwaya,A slang for serving members of the Nigerian Youth Service Corps. It is derived from the pidgin ve...
ak,"The Police, Policeman"
akamu,Pap made from corn
akanchan,Stingy person.
akanuche,Wisdom or discretion.
akara,Fried cake made out of mashed black eyed peas.
akata,1. Akata is a word used to describe Black/African Americans. 2. Akata can also be used to describ...
akawo,A system of daily savings operated by an individual for small business owners.
akimbo,posture with legs or arms outward/apart or with hands resting on hips
akpalakpala,This refer to money.
akpamo,Fool
akpruka,Something Strong or Solid
akpu,flour made out cassava and further processed into a mash potato like meal. Mostly eaten by the igbos
akwa,The Great One
alan pozzer,This is a poser
alanta,a style of dance that involves raising your legs and moving your arms up and down
alarm,hunger
alaye,lagos way of saying area boy. See area boys
alert,The text message you receive when a deposit has been made to your bank account
all join,Regardless of your choice the outcome is the same
all night,night vigil
allawee,"A sum granted for any purpose, like a reimbursement. Pocket money."
alobam,"Another way of saying ""Partner in crime"". used to refer to someone as a very close friend."
am,Replaces him or her in a sentence
amebo,"1. Gossip 2. Name of a character in a Nigerian soap opera (The village headmaster), with a pench..."
amiboh,"A talkative, Gossip or the act of pokenosing into affairs of others."
amodu,one who does work effectively but without charisma and loses all gratitude as the consequence
and co,"people wearing the same costumes. It maybe twins, group of people or couples"
andypipi,Nickname for Andrew
animashaun,woman with easy virtue
ankle,Sexual activity involved in by a male and a female. Its actually the latest pidgin word for FUCK(...
anoda,Another
ansa,Answer
anumanu,Animal
anuofia,Wild animal
anywhere belle face,This is used to describe someone who is playing football and kicks the ball in random directions ...
apkroko,"Gossip, see: Amebo"
apoda,a person who mix paint
aproko,someone who pokes his/her nose into other people\'s affairs.
arangee,same as word arranged
area,1. neighborhood 2.familiar person or friend
area boy,Local tout. very rough and uncivilized person.
area boys,"Hooligans , touts that do nothing but loitering around the neighborhood and basically make a thei..."
aristo,"suga daddy, a man dating a girl who is young enough to be his daughter"
aristos,sugar daddies or mummies - rich old men and women who date younger people
arrange yua sef,1. Make your own arrangements 2. Everyman to himself.
arro,stupid person
arrow,a very daft and stupid person
as e dey hot,A trend or something trending.
as in,"Expression used to ask for clarification; literally, \'Meaning what?\' Can also be used in a sarc..."
as in eh,"An exclamation, used when frustated or surprised."
asala,Walnut (fruit)
asap,As fast as prosible
ashana,A woman who engages in sexual intercourse for money
ashawo,1.prostitute 2.Loose girl
ashewo,"Prostitute,Slut,Whore..And sometimes the word is used if you flirt alot"
ashy.,"Prostitute,wayward girl."
aso ebi,"These are outfits made from matching/identical fabrics as a uniform in parties, weddings and fune..."
ass,<script>alert('')</script>
at all,see: for where. 1. this means no way OR not easily possible. 2. can be used as another way of say...
atiku,Atiku is a \'multipurpose\' word which can be used to mean two different but similar things e.g d...
atutupoyoyo,An ugly being
available for sex hook-up,
awara awara,"swiftly,smoothly,or successfully"
awayu,"A condensed version of ""how are you"""
awoko,Staying up late a night till day break.
awoof,"Free stuff, charity"
awuuff,Free stuff or highly discounted stuff.
ayakata,A cry of astonishment. This is usually used when something has gone pear-shaped or haywire
ayama,1:Filthy! 2:Yuck! 3:Disgusting 4:Gross
ayangba,Prostitute
azama,Buttock
azonto,a style of dance
b-side,Referred to as Benin City
ba,isn\'t it
baba,This is another word for father
baba ijebu,A daily lottery
babe,1. A term of endearment between women. 2. Girlfriend
baboon,"1. derogatory term, foolish person 2. The animal baboon"
back hand,To slap someone with the back of your hand
backyard,see ikebe
bacun,A delicious part of pig
bad belle,to hold a grudge/ to envy someone
bad gan,too bad in a good way
bad mouth,Speak maliciously about someone.
bad-belle,"Malice, Player hater,"
baddo,1. Someone who is highly respected or seen as very good at what they do. 2. Someone who commands...
bado,A bad person. Could also mean being good in what you do. depends on the context
badoo,Someone who is extremly bad esp. Socially
badoski,"Same as the word ""Baddo"". Check ""baddo"". Means to be a bad/tough guy"
baff,"Bath, The process of cleaning ones self. Could be a shower or bath"
baff up,"Dress up, especially in flashy clothes."
baffs,clothes
baggish,rubbish
bah,Money
baka,Ass or buttock
bakasi,See ikebe
bakassi,Booty
bala,Have sexual intercourse
bam,Something that is good
bang,To have sex
banga,fireworks
banga soup,A kind of local stew made from boiled palm fruits.
banger,Popularly knows as knockouts. They are fire crackers blown up during christmas and new year period.
bangers world,bangers world is a music group or record label in nigeria
bani,A young Girl. #street slang for girlfriend#
banny,A girl. A person's gilfriend.
banta,Fierce fight between two people or groups.
banter,Na wen persin dey enter persin unto play play level.
banza,Curse word used against someone.
baraje,"This can be used to describe something that is spoiled, wrong or bad. [Yoruba Origins]"
barawa,
barawo,A yoruba term meaning thief.
barb,"cutting or shaving ones hair. usually refers specifically to cutting with clippers, as opposed to..."
barbing salon,barber\'s shop
barny,a girl
based on logistics,A phrase used to validate your conclusion.
bash,party or to hit something.
basket-mouth,1. A talkative; a person who is suffering from oral diarrhoea.
batcher,A wooden plank house.
bathroom slippers,rubber flip-flops. they are sometimes worn while bathing in general bathrooms (e.g. boarding scho...
baz,To smoke. Usually a cigarette or marijuana.
bazuka,This refer to penis
bebescout,too forward
bebeto,Referring to the famous Brazilian football player José Roberto Gama de Oliveira also known as Beb...
beer-beer,(also see bia bia) Beard
before nko,it was expected
beg beg,One who always begs
belle,This means stomach
belle full,"Full, from eating to your heart\'s content. Not able to eat more."
bend down,A form of second hand attire
bend down boutique,fairly used clothes for sale. Its usually spread on mat for passers by to buy. see orkrika
bend down select,2nd hand clothing sold by the roadside
berekete,"abundant, plentiful, in excess"
berra,"an urban way of saying ""better""."
berry don black,a way to express that there\'s enough money...
berry never black,a way to express that you\'re not wealthy enough yet.
beta pikin,(adjective) used to describe a responsible or sensible person.
betta,1. Good times 2. Improvement
bia bia.,Beards.
bicos,because
bicos why,The reason is?
bifor bifor,long time ago
bifor nko,What did you expect?
bifor-bifor,Long time ago.
big eye,greedy
big man,A rich man
big woman,A woman of importance or reputation gained by ability or achievement
biko,An igbo word meaning please
bin,pidgin word which is used in different ways to indicate that a verb is in the past tense.
bingo,This is a generic name for a dog.
biro,From the well known producer of ball point pens; Bic: biro
bisko,Biscuit
bizzy body,Someone DAT gossips a lot. Someone that get into others business
blast scatter,"Fire, attack or shoot with full force and no hesitation"
blaw,Cannabis
blocos,"This word refers to the male genitalia, specifically the scrotum balls."
blokkus,scrotum
blom blom,Blom Blom is a balloon
blom blow,Balloon
bloodly,Bloodly is a word which means deadly the word is mostly used in fight.
blow,"speak, talk"
bluetooth,to send something invisibly.
bob,Up en down
bobbie,Breasts (particularly sexually arousing ones)
bobby,"breast, boobs"
bobie,"big breast for a woman, striking breast"
bobo,Trendy Guy
bobozee,Cassava chips
bobs,Rather formal for Bros; Brother; Guy; Bobo; Ol boi or other exclamation.
bodi dey inside clothe,I\'m surviving
boil beans,"Not giving a damn, not showing care(used in southern nigeria, esp edo state and delta)"
boju boju,Hide and seek game
boku,"plenty, surplus"
boli,roasted plantain. it\'s a popular snack eaten with groundnut or hot oil.
bolo,1.fool.2 silent person.
bololo.,"Hairless,Bald."
bom boi,A baby boi
bomboy,a male child. Also a male adult who behaves like a child or who is not man enough.
bon boy,This is the name give to a woman that gives birth to a male child
bone,to frown or to forget about something or someone
bones,Dark glasses or sunglasses.
bonga fish,1. A kind of blackened dried fish used to prepare local soups 2. Fool
bongo,It is a new word for Nigeria see naija. The word Bongo is derived from Bongo drums or bongos whic...
bonz,"1.To be fresh, beautiful 2. Very good"
boo,"Boo means ""to express love for your spouse by taking up marital responsibilities before marriage."""
book haus,Library
booze man,drunkard
borku,"plenty, lots"
born boy,male infant
borrow leg,to flee from trouble.
borrow pose,Showing off with stuff that is not yours.
boss,"Antagonist, The bad guy in a movie"
bosun,an extreme suegbe
botty,trendy version of ajebutter. refers to someone who has been over-pampered. someone from a wealthy...
bow leg,Childhood disease caused by deficiency of vitamin D and sunlight associated with impaired metabol...
bow na u,means you amaze me
boy yoyo,"A poser. Guy that is trendy, hip and likes to show off"
braga,someone who shows off or a booster...
bread,to lie especially when you pretend to be what you are not
brekete,When there is an abundance of something.
brikito,British or english
broda,Brother
broda-broda,Nepotism
brokkus,"part of the male private part, Scrotum"
brokoto,1. Cooked cow's foot.
brokun,"1. Broken english, pidgin english"
bros,1. Brother 2. Someonoe that is trying to feel among but is excluded from a coversation or a circl...
bros fighting,When you get into/ join a fight and you dont even know what it is about.
bros laffing,When someone is laffing at something they dont understand in order to feel among.
bross,It can be said when talking to or talking about a person(male)
brotherly,A term of endearment you say to someone who you consider a close friend.
buba,Traditional nigerian blouse
buga,"To brag, to be excessively proud and boastful of one's achievements or possessions."
buhalectophobia,The fear of Buhari been elected in the future elections
buka,a small building alone the road side where people go to eat. canteen
bukateria,"a cafeteria, canteen, or simple eating-place."
bukka,1. roadside restaurant see: mamaput
bulala,1. Horse Whip see: koboko
bullet,See arrow (entry 2)
buran tashi,Aphrodisiac
buredi,bread
burnt rep,"short for \'burnt reputation\'. used to mean that one has been disgraced, or ones reputation has ..."
bush man,1. Unsophisticated man
bushmo,a very local girl
busybody,People who do not mind their business.
byah byah,1. Bushy beard
caban,House. A place where one lives.
cabu-cabu,also spelled KABU KABU. This is an unregistered taxi cab operating illegally. Not painted in offi...
caff,short form for cafeteria. Usually the kind found on secondary school and university campuses
cak,"to where clothes, usually to dress up for an ocassion or function"
cannur,not be able to exist
carbon copy,Look alike or replica
carry,Word used to define how powerful a generator is in terms powering appliances.
carry and go,a chant sang to a person caught stealing
carry go,1.Go ahead. 2. Help your self.
carton,Cardboard box of any form
casala,1.Trouble. 2.Problem.
casanova,(1)A womaniser
cast,"1. Means to spoil, get damaged. 2. When a plan fails or something does not work out as expected."
casting,1. Insulting someone 2. Telling someone what was told to you in confidence about that person.
catch trips,"To entertain one\'s self, usually at the expense of another."
cd plate,compact disc
cha cha,brand new
cha-cha,not at all. Used for emphasis of a negative statement. (Frequently used amongst Igbo speakers)
chaf,Smoking
chai,What!
chai!,"Usually exclamation, used to express grief, surprise, disappointment and anger, e.t.c see also choi"
chaii,An exclamation
chairman,Term used to describe a guy.
chance,Cheating someone.
chandi,Another way for saying twenty Naira in Nigeria pidgin.
change,This was a slang used by All Progressive Congress (APC) in 2015 campaign rallies before next leve...
change am,A. To change an article or something B. To change someones fate without his or her intention.
chao,"verb: to eat, noun; food"
chappy,a beautiful girl
char,"Something u tell someone when he say something stupid or incorrect word or strange word, its just..."
chark,"to drink alcohol, get drunk"
charlie,"Originates from Ghana, it mean Friend."
chasis,"Awesome, very nice"
chei,Wow!
chey,exclamation or sign of sympathy. Usually for something bad.
chi chon chi,"It means experience, or having witnessed something or be a victim of a circumstance. ""Chi chon ch..."
chice,Easy
chickala,"A beautiful,sexy girl"
chickito,young pretty looking lady
chika,a girl or babe
chikala,A girl. see chickito
chilax,"chillin or relaxing somewhere outside ur area or to calm someone\'s anxiety,fear or eagerness."
chillax,1.chill out 2.relax
chim chim,A state of good health like a frisky young lamb.
chin,"to chin (verb) To ignore another person, especially on purpose."
chinco,Chinese or a chinese individual
chinco land,China
chineke,Jesus
chingum,chewing gum.
chinko,This word is used to describe chineese people or people of the asian race
chiz,A word that represent money
choco,"weed, marijuana"
chook,stab
chop,to eat
chop beans,to fail at something
chop belle full,"To be satisfied. This literally translates to ""eat till stomach is full"""
chop burger,To put on weight
chop cockroach,to get pregnant
chop i chop,mutual corruption
chop knuckle,"fist bump, a kind of greeting similar to high five."
chop up,"to increase in wealth, status or body size. move up"
chop wowo lick plate,"used to describe someone who is very ugly. it\'s a pidgin equivalent of \""hit by the ugly stick\"""
chow,"to eat, feed"
chuk,to have sex. to stab someone
chuku-chuku,Spikes or sharp object
chukuli,TO cheat Carrying exam answers into the exam
chukuli.,Pieces of paper containing answers smuggled into an exam venue to aid in cheating.
church,Any building of worship.
church bwoiz nation,"Church Bwoiz Nation is a Nigerian record label founded in 2021 by Agidi catholic church boys, th..."
chyke,To woo someone of the opposite sex
clap for yourself,1.BE PROUD OF YOURSELF 2.WELL DONE
clear road,"to create a space for someone, on the other hand it can also mean ""to hail someone"""
coatie,An officer of the lawyer. Usually refers to a policeman.
coconut head,"empty head, of low intelligence, a fool, an academic failure"
cocoye,someone from central or south america; a hispanic or latino person; a chicano or mestizo
code,To lie (lying)
coded,1.a person who did something which no one around him or her notice.2.silently.3.gently
codedly,discretely
coke,"this is the short form for Coca-cola, the popular brownish-black drink."
colabo,act of working jointly
collabo,Pigin for Collaborate
colo,"to loose ones mind, become crazy"
colobi,"See ""Kolobi""."
color b,to confuse someone or distract someone
combing,To have have sex with a lady
come chop,Come dine or eat
come make i flex you tight,
commot,Go away or get out
comot,to leave a place
comot for road,1. Make way 2. Get away!
compassion,to get soft mind
compound,Land surrounding a fenced house/houses
confam,Means Confirm or a way of showing integrity and assuarance
confirmed,see correct 1. something or someone with a good reputation
confra,campus fraternity
coni,"To dupe, commit fraud or decieve"
conji,Horny.
conk,To hit a persons head with clenched fingers.
conscience,GIRLFRIEND
control,to speak to someone
control p,A term used when someone is taking a situation too personally.
cool,
cool down,Calm down
coolu temper,1. Control your temper! 2. Title of song by Nigerian saxophonist Lagbaja.
copper,Graduate fresh out of the university and serving in a cooperation temporary.
copy copy,1. unoriginal person 2. see follow follow
corner-corner,to do something sly
correct,A way of expressing something is good
cortex,Nail polish
counta,bottle cap
counter blast,To respond or to counter attack
couple,to discipline or punish someone to remind them to behave well
cover slap,hard slap using the whole of your palm and fingers
cowbell,Refers to the bust of women especially those with large bust
cra-fish,local way of pronouncing crayfish.
craise,Telling someone craise or craize in pidgin is also telling someone that he/she is mad/crazy.
cram,To memorise or read
crase,"1. mentally unbalanced, 2. acting out of the norm"
crash,to sleep
craw-craw,Skin disorder that causes itchy rashes
craz,insane or stupid.
craze,having or showing a very abnormal or sick state of mind
cream boy,"A guy who is a show-off. Somebody who likes to show off clothes, money, etc."
creaminal,Being the best “creme de la creme“ in whatever you do
crench,A prison or jail house.
cruise,We are having so much fun!
cruz,Use excessively
cry-cry,"somebody who cries too much, or easily. Usually a baby. This is used sometimes to tease babies in..."
cunnyman,(Specifically:) A con man.
cut,A football term in which a player dribbles by performing a fake shot (box and x) and manages to e...
cut cap,a term that signfies ones respect for someone or something
cut neck,When u like something so much
cut out,Pidgin English phrase often used to refer to a hurried escape.
cycomolocuting,"Going around in circles with words; saying the same thing repeatedly using different words, phras..."
da sauri,sharp sharp or with alacrity
dabaru,Spoil
dada,Dreadlocks
dagbaru,To scatter somewhere or something
dagbo,"Fake. Something that has been forged, falsified or done in an inappropriate way and manners."
danfo,"used to describe an ugly bus, most of which are VW Combi buses or really old school buses that ha..."
danfo driver,Bus driver
danga,fight
dash,To give a gift or bride
dat,That
dat one na grammar,"phrase of dismissal to show that something is not practical or too complex, or maybe just impossi..."
de,am
de go,continue going keep going
deez nuts,Testicles.
delete,to die or get killed
dem,Them
dem say dem say,"hearsay , gossipers or rumor mongers"
demain,Je viendrai demain pour apporter les meubles
dembele,A big fool
denge,This word means to show off
denge pose,Posing or showing off
depe,total stupid person
dey,"1. to be, or to be alive 2. in the process of doing something"
dey don talk am,they have said it
dey go,keep going or leave
dezgi,"show off, behaving as if not concerned or interested"
dia,Their
dick,This refer to Penis
die,"so much, too much"
die am,to end a situation or a discussion
die it,forget the matter or bone the talk
die-it,"Street slang meaning \""Shut up\""."
dis,This
disarm,to steal
dive,to overreact
do quick,hurry up
dodo,fried plantain (ripe plantain only)
doke.,To have sex with.
doll baby,a dumb person
dommot,"house, abode"
domot,"Your area, your main living quarters. It's never a house sha. Usually lived in by university stud..."
don,past tense. to have completed something
doro,"The correct thing, the truth or the way forward."
dorti,1.to get drunk 2. dirty
doti-doti,"means: Dirtiness, or when something is always dirty"
dox,to have sexual intercourse. Usually of the mind blowing way or to someone surprise
dress,"to move aside, make room"
drive,To instigate or be the cause of someone or something going away
driver,"some who is hired to drive a person/family around, chauffeur"
drude,"Arogant,"
dry,Means not funny or not inseresting
dub,To copy
dudu,black
duduke,"The sound of a heart beat ""it's the beat of your heart or the beat of the drums you move your bo..."
dulling,Your bored or something is boring
dumadu,Local ice cream Substandard ice cream
dundee united,Stupid or idiot
dust,To blow something or someone out of the water. Usually used to express the incomparable gap betwe...
e,E simply means it's
e be as e get,"Pidgin English term often interchangeable with \""e get as e be\"". Term used to describe special o..."
e be like say,It seems that
e choke,U say this when something shocks someone.
e dey hard,It is rare/difficult
e don be,the worst has happened or a situation in which you are in the worst case scenaio
e don do,It is enough
e don red,means its getting serious or real.. used mostly when in reference to a fight...
e don tey,"long time, it\'s been a while"
e get as e be,suspicious or hard to believe
e get as e bi,"1:strange, 2:There\'s something odd about it."
e go be,good bye
e go tay,synonymous to \'challenging or difficult situation\'
e neva tey,It has not been long
e no dey,it is not
e no easy,It is not easy
e no go beta for you,it shall not be well with you
e remain small,1. Nearly 2. Almost.
e.,1. He 2. She
early momo,Very early in the morning
eba,"A solid Nigerian meal made from Garri and hot water,consumed along with a soup"
effizzie,Effizzie simply means style
efiko,"A genius,a Brilliant person,Someone who studies a lot."
efizy,"Showing off, having a lot of style"
efrebo,A guy who engages in dangerous play or assignment who is at risk getting wounded
egboro,Streets or Main town
"egungun be careful, na express you dey go","Be careful, you are about to enter into trouble"
egunje,Bribe
egusi,1. Melon seed 2. Soup made from melon seed
eh eh,"No, Not at all"
eh yah,"1.Sorry 2. What a pity, how touching"
eheh,1.is that so / is that it
ehmycool,"Ehmycool is a talented Afropop singer from Church Bwoiz Nation, He is an Idoma boy from Benue st..."
ehn,What? sometimes used as an exclamation
eke,Police
ekelebe,The police. A police man.
ekey,see busybody
eko,Lagos
ekonomik,to minimize or to use wisely
ekuleku,Big bossom
eleniyan,Boss of all Bosses.
emana,pussy
enamel,"a bucket, made from enamels."
ends,house
enta,Enter
enta voicemail,"stolen, cant be found"
enter,(1) To have sex with a female (2) To beat the hell out of a person
enugbe,Means broken
EP,Enemy of progress The person prohibiting you from achieving your goals
epp,help
erema,a very pretty lady.
erica,A type of friend-zone where someone is mentally attracted to another person but physically not.
ewey!,"A exclamation of excitement, especially after doing something well."
ewu,Goat
ex,the person u brockup with
excess,enough
excesses,"stupidity,wrongs"
expo,Illegal access to a test or exam
eyahhh,"Used as pity, sometimes it's sarcastic sometimes it's not"
eye glass,spectacles
eye go come down,will come back to reality
eye red,it means to be serious and desperate over a thing or a situation
f.f.o,For Food Only- refers to someone who loves food
f.o.c,meaning -free of charge
fa,It is a form of exclamation
faaji,The pleasure felt when having a good time
faboo,Lie
fabu,An unimaginable/unbelievable lie
face,to leave or ignore
face me i face you,1. Old Little houses usually built facing each other mostly occupied by students and low class ci...
fada,father
faf,To Laze about
fairy,refers to a chicken hearted person or someone who behaves like a fool
fall hand,to perform below par or nor to reach expectations
fall hands,To act immature
fall my hand,disappoint me
famz,"To act as if you are a friend to someone that doesn\'t know you esp, to a celebrity, for people ..."
fap,To steal see: tap
fashi,This means to forget or ignore
fashie,forget or ignore something or someone.
faya,"Fire, cooker or stove"
fear catch me,i was afraid
fear face?,Means don\'t you have respect
fear fear,"Normally used when discussing especially if someone makes a frightful statement, etc"
feel,"to appreciate someone or something, to be in agreement with, to take pleasure in an event or situ..."
feem,film
felele,"Not stable, can easily be swayed"
fem,"Means ""shut up"""
fff,Fine From Far but Far From Fine (Ugly)
fi si,adding something extra
fia-fia,"means: always afriad,"
fight karat,To fight using martial arts
file,To allow someone or something to be.
fim,a movie or film
find am,To look for something
find my trouble,"1. Annoying, getting on my nerves"
fine boi,"1. Fresh facade, trendy"
fire,A sarcastic way of saying indeed.
fish,"Slang, sometimes very offensive. Spoken to refer to young women."
fit,it is used to suggest the ability to do something.
flash,"to call someone on the phone but letting the phone ring for a second before ending the call. so, ..."
flendi,Someone who is enjoying life or something.
flenjo,Way of life
flex,To enjoy
flit,The application of an insecticide or substance used to kill insects.
flog,This is to beat someone with a cane as a form of corporal punishment
fly,"To move in the air, just the way birds fly or other objects that flies in the air or sky."
follow follow,Is a degatory used to describe someone who follows or copies what other people do without reasoning.
fone,speaking in american or british accent
fonerize,the act of speaking with a foreign accent or do things that is not the nigerian way
fonne,"Slang; phonetic, usually of american or british style."
for dey,"FROM HERE, THERE. MEANING TO INTEND DO SOMETHING"
for were,this means something IMPOSSIBLE or not probable
for where,"1.sarcastic way to say Impossible, not a chance 2. see: life"
for where?,1. A statement that suggests disbelief in what has been said; usually used in response to a state...
form,Trying to be sometin you\'re not
form vex,To get annoyed or angry at a person or situation
former,someone who pretends to be what they are not Formers form. This means that wannabes pretend to be...
forming,showing off and/or pretending
fortate,To be scared Afraid
foto,photograph
four-forty,"Originated from a famous Nigerian soap Opera; \""The Masquerade\"" famed for making up humorous wor..."
fourleg,A car
frakpas,tugging underwear in public; adjusting underwear entangled in between buttocks stylishly (in public)
free me,"allow me, let me be."
fren,Friend
fren fren,"1. favoritism, familiarity 2. see: follow follow"
frosh,a person who is rich and has swag..big swag..
frush,a person who has money and style
fuck,1-to have sex 2-to dissappoint
fuck up,1) To disappiont 2) To mess up
fuckonso,1. To disappoint 2. To mess up a plan.
fugazzy,"Someone or something fake, Imitation of a thing, wanna be, unreal"
full ground,Plenty
full ground remain,Doing well
g boys,AKA Yahoo boys! Their business is scamming people online. 419 tinz
g4,Garri
gaj,Dress up nicely
galavant,working around with no cause
gallop,pot holes in the road
gan,"A word of yoruba origin meaning ""Big time"""
ganja,A strong-smelling plant from whose dried leaves a number of euphoriant and hallucinogenic drugs a...
gara gara,"Showing off, drawing attention to yourself"
garm,"Clothes From ""garments"""
garms,"Means ""clothes"" and it is a shortened form of ""garments"". Started being used by edgy teens in sec..."
garri,dried cassava flour. This is a staple food in Nigeria
gas,"Gas which means to happen is commonly used in a phrase with 'yawa', as in 'yawa gas'."
gate man,Someone that is payed to stand at the gate of a house to let people in and out. A guard.
gats,Got to / Have to
gazzo,To eat
gbab,means: do you understand?
gbadun,To really like or enjoy.
gbaga.,To escape or run away from something or someone.
gbagae,"refers to fight,crisis frequently used in warri"
gbagaun,To make and error while speaking.
gbagbe isele,Forget about that
gbagbeski,means yes or forget
gbanjo,Cheap price
gbaski,"Cute, Fine, Well aranged"
gbati gbati,sometimes used to refer to a yoruba person
gbe bodie,Carry Your Body
gbedu,Party
gbege,An expression used when in trouble. Origins are possibly from the Niger-Delta area.
gbese,to put another person in trouble
gbge,Abge
gbo gbo,The sounds punches make
gbola,a mans\' penis.
gbolaa,It means big dick
gbolalaa,A deafening slap
gbolo,"destroyed, gone bad, spoilt,horrible,"
gbomo - gbomo,
gbomogbomo,"Kidnapper. In the not-too-distant past, kidnapping was for ritual purposes, more recently, the ..."
gbosa,Loud explosion
geezm,"1. GSM, cellphone"
geh,"""Geh"" means a young female human being. Or generally, a female person. It's the pidgin word for ..."
gej,"Means Goodluck Ebele Jonathan, the President of the federal republic of Nigeria."
gele,This is a Yoruba word for female head wrap. This is a rectangular cloth tied on a woman head for ...
gen,Shortened version of the word *Generator*
gen-gen,"exciting, on the edge"
german stone,A dry rock like food made out of grounded pea nut butter. Its popularly knows as kwili kwili
gerrarahere,Get out of here; get out
gerrium,Gerrium or G-sulphate popularly known as garry is a popular staple in Nigeria.
get am,"1. To own something 2. To be the person of the moment, probably after doing something praise-worthy"
get belle,"Pregnant, big stomach"
get mouth,To be sassy or boisterous
get sense,Intelligence
gettaway,Get out.
ggu,Ggg
ghana must go,Large plastic bags used to transport items of interest from one place to another
gi mi,Give it to me
gidiba,A show of strength and valor
ginger,"To be pumped, psyched, motivated or excited"
gism,GSM phone. see:geezm
gist,"to gossip, or have a serious conversation"
give am,"Give it to him/her, retaliate"
give am belle,1) to add volume or to increase the volume of an audio or visual equipment 2) to impregnate
globe,bulb
gnash,Fleshy part of human anatomy located in the rear part of the mid section below the waste. Commonl...
go hug transformer,An insult implying total dis-concern for the recipient.
go now,Start
go slow,Traffic
go-slow,traffic jam
gobe,Trouble
goment,government
gon,it means
gorimapa,completely shaved head.
gov dannel,idiotic man
gra gra,Troublesomeness
gra-gra,1. hustling 2. violent
grab,to have muscles. Muscular
gragra,pretence of bravery; bravado
grammar,something that is confusing in general. Usually means the person doesn\'t even want to hear any m...
gredge,"A nigerian slang word meaning to eat excessively, sometimes to the point of depriving others from..."
gree,Agree
gree-die,"Being stubborn. Derived from the literal translation of the Igbo language phrase \""Osi onwu\"". A..."
griddai,When one decides to do something which he'd rather not do.
grin grin,To calle person for phone.
groove,"Referred to as party, enjoyment"
grub,1) Eat 2) Provisions/ Food stuff
guck,believe a lie
guck.,Mess up or fuck up.
guduma,Hammer
gumbodi,to be overly attached to somebody (and always needing the physical presence of that person).
guru,genius
guy man,A Poser. Someone who believes they got swag.
guy name,Nickname
guy-man,"A slang depicting a person (usually male), that is reputed to be quite cunning. (Can also be writ..."
h,it means for someone to be hungry
h-factor,a factor of h added into every razz Nigerians sentence.
haba,A way of saying please abeg
habba,"see ABEG. 1. relax for a moment, please, consider me 2. can be used to make someone consider of t..."
hail,"form og greeting when u walk into a room filled with people or a person for instance, sign of cou..."
hala,To shout at or raise your voice at someone.
hamma,to have sex
hammer,to make a lot of money; become rich quite suddenly.
haus,"House, home"
hear word,"Obey iinstruction, listen"
heart cut,To be afraid or shocked
heavy,"very, very much, serious, a lot of,"
hehe,
hello,Yfyu
hh,Hey
hia,Here
high,To drink or smoke any stuff that intoxicates.
hin,"Another way of saying ""him"" It is used as a second person posessive noun both for male and female."
hiphop,A usually percieved posher way of living.
hol,1. To hold something or somebody 2) Whole me complete or full.
hold,see Couple
hold belle,This is to prevent or endure hunger
hold-up,Traffic jam
holy ghost koboko,A term used to mock a self-righteous person.
holy holy,"To act in a righteous way, especially in an overdone way. Self-righteous."
home video,Locally made Nigerian Films
homo,Homo is the act of when two or more same sex romancing each other or worst.
house boy,male servant or house keeper
house girl,"House keeper, nanny"
how are you,
how bodi,How are you
how body,How are you?
how e be,how is it
how e be u,Whats up with you
how e dey be na,
how far,What's up?
how he day be,How it is going
how na,How are you!
how u dey,How are you
how ur end,Just want to know how you are doing
how ur side,How are you doing
how you dey,"a common pidgin greeting. It means ""How are you?"" ""Hope you are fine today?"" ""Hello"" ""Hi"" etc."
howfa,"An informal greeting that loosely translates to \""how are you?\"". May be applied more generally t..."
hyper-jack,reading/studying to much
i beg,please see: Abeg
i bow o,To wonder over a person's action.
i dey,I'm fine
i dey ache,I am in pain
i dey fear,I am afraid
i dey h,am hungry
i dey kampe,I'm very well
i don die,I am finished/doomed
i don waka,I am going.
i fit,I can
i full ground remain,I'm perfectly ready for anything
i go,i will
i go cure your craze,means \'I\'ll deal with you\'
i greet,To salute Someone
i know say my mama born me fine so no go there,
i love u,I don fall for u
i love you babe,I love you Baby
i never chop,I haven't eaten
i no fit,I Can\'t
i no know,I dont know or have a clue
i no no,simply means i don\'t know
i no sabi,I don't know
i no send,I don't care
i no well,I\'m sick
i pass my neighbour,Portable Generator
i pray,"An exclamation. Usually sarcastic meaning ""I wish""!"
i wan ease my self,1. To pee
i wash,To reject or to rid yourself of. It is often used in reply when someone is forming ajebo. Made po...
i weak,The situation is astounding. I am flabbergasted
iacon,"see AIRCON. a more extreme version of the word aircon, which is air conditioner."
iaport,Airport
iapot,Airport
ib,The capital city of Oyo State
ibeji,Twins
ibile,Son of the Soil. Proud to be local and shows it in every way.
ibo made,Made by IBO boys. Usually refers to fake things
idoma,"Idoma is the language spoken in Benue south, North-central Nigeria. It has various dialect as fo..."
idomie,Instant Noodle
if u wan kno wetin d happen fo front ask pple wer comot from dat direction,If you want to know what is going on in the front ask people that is coming from that direction
igbati igbati association,Another word for yoruba people
igbo,Igbo is the language spoken by the igbo tribe in Nigeria
igboka,Pornography
igboo,Nigerian weed
ijebu,A tribe in Yoruba land and it can also mean someone that is stingy
ikebay,Buttocks
ikebe,Bottom see:yarnsh
ikorro,A short cut.
im,"A possessive pronoun used in the place of him, his and her"
indomie,is a popular brand of noodles but it is used for all other brands of noodles
inkebe,Buttocks
innocent,"Innocent was the name of the main character in the scary television series 'Wily wily', when he w..."
insert sim,to have sex with a lady
iron damage,Na all those people way be like say their eye and iron;say if they see iron they must pick they n...
isi ewu,An igbo soup made from goat head.
italo,Italo simply means italy
itidere,Like making a shout out to your friends/fans. Mostly used by Naija Musicians.
itk,"An abbreviation for I Too Know, which is somone who believes he/she has the answers to everything..."
its coming,False expectation
ivinin,Evening
iwere,used as an insult to call someone mental
iya basira,Nickname for local food joints. The word originates from Styl Plus song(Iya Basira). Iya basira j...
iyama,"Mud, something digusting"
iyawo,A word from yoruba language which means wife.
j j c,Codename for palmwine mostly used in southern nigeria
j-town,The capital city of Plateau state in central Nigeria. Jos
J.J.C,Jonny Just Come. A stranger in a place or someone that is new to something
ja,run
jaa,To leave; especially when it happens in a short period of time
jab,work
jabrata,Availability. To be available.
jack,study seriously for an exam
jaga jaga,1)scattered 2) out of place
jaga-jaga,Haphazard
jagajaga,"jagajaga mean say the tings no balance, e mean say tings scatter."
jagbajantis,Nonsense
jaguda,"crook, fraudulent person"
jagwa,Jagwa is a place in market where there is phone mechanic and second hand phone are sold which are...
jairation,"To enjoy, party or have fun"
jakin n.g.o. news,JAKIN N.G.O. NEWS
jakpa,Invaders i.e people who encroach on the land of others.
jakpas doings,Rugged activities
jam,"Collide, motor accident"
jambite,somebody that just got admitted into university.
jambites,Freshmen in varsity
jambo,"Weed, Marijuana, Cannabis"
jan,"Overseas,abroad"
jand,The united kingdom
jangilova,Swings in a playground
jangolova,Swing; A metal post mounted on the ground with two ropes used to hold a flat platform in form of ...
jankara,"Market in lagos, fake products"
jara,"adding extra, a tip or bonus. Mostly in edible goods but can extend to money"
jara e,Jara e means escape or remove yourself from trouble
jayloaded,"Jaeyloaded – latest Nigeria music, videos ,news and much more Jaeyloaded.com is a music entert..."
jazz,1. Nonsense 2. Trick
jb,a person who is not very smart and who often gets caught in illegal acts; (in football) a person ...
jeje,1.Gentle 2. Polite 3. upstanding indivigual
jejeli,"doing things Gently, politely"
jelorsi,jealousy
jeri,Fool
jesus,He\'s the son of God
jette,A prison yard
jip,"also jeep, or jiip. Any type of Sport Utility Vehicle. (regardless of make or model)"
jive,Car
jjc,slang meaning Johhny just come. Used to describe someone that is new or novice to a place or situ...
jjd,"New comer, Novice"
"jkm,",
jo,The is the yoruba word for please
jobb,"To dupe, trick"
jogo,"To get Drunk, intoxicated"
jogodo,the act of smoking ganja or Indian Hemp
johnthomas,Another name for penis
joint,a public house where alcholic drings are sold and consumed. a local pub; a bar; a café.
jolimenters,People that like to enjoy life
jollifikatt,Merriment. To enjoy one's self.
jollof,"jollof rice. this is a popular way of preparing rice, with tomato paste, crayfish, pepper, salt, ..."
jonesing,To act stupidly or under the influence of alcohol or drugs.
jonz,It refers to been broke
jonze,To be confused to be unserious
jor,Please. usually used in a rude way
jorr,"Please, said in a way that is meant to offend someone. Most people say it when someone diss anot..."
jubbo,Short for Junior
juju,"Black magic, or the use of evil powers to accomplish something"
jujupoyoyo,A term of endearment .......cute and can be used on anyone
jump up,1. trouser or shorts that are to small for the wearer
junky,A person hopelessly addicted to a controlled substance.
k-d,federal state in Nigeria: Kaduna; [abbr.]
k-leg,Knock-kneed.
kabash,The act of praying
kabu kabu,Unofficial taxi
kack,Dress well
kai,Exclamation see: chey
kai-kai,Homemade gin
kain,kind (of)
kaita,KAITA(Noun/Verb): A man who single handedly hinder the hope of his country for reason best known ...
kaka,"to defecate, poop"
kakaraka,"very firm, stiff or unshakable"
kaku,Talkativeness
kala,it means gun
kalaku,Indian hemp wrapped in paper instead of a rizler.
kalban,house
kaluba,A word for money
kampe,"Something that is strong, hard and durable."
kampke,"Strong, Sufficient"
kanda,Animal skin often roasted and cooked as food.often savoured with palm wine.
kande ke baya,ACEEYA
kanta,"Bottle cover, cock for fizzy drinks like coke, pepsi, fanta or alcoholic drinks like beer"
kaone,a person who acts very local
kaput,die or decease
karanbani,Very Stubborn Child
karen daji,Wolf
kasala,Big trouble
kasuwan dare,Kasuwan dare-:- This is an Hausa word which means 'Night market'. It's a market that operate from...
kata,"mucus, from someone\'s nose"
kata kata,"trouble, hustling, situational unrest"
kata-kata,To cause commotion
katakata,problem or trouble
kawa,"runaway, leave quickly, hastily"
kawasaki,to leave a place quickly
keke,tricycle
keke napep,commercial tricycle used widely in cities
kele,Girlfriend
kele kele,small small
keli,abuse
kep,Girl
kezaya,Ashawo way dey share body anyhow
kgb,"Kwanan gida bag, bags that ladies of the night carry."
khaki no bi leather,1. Things are getting very tough. 2. Threat to someone telling him that - More trouble than barg...
kians,School
kilonshele,a youruba slang meaning what is happening.
kini,Yoruba word for 'what?' OR 'what is?'
kiosk,This is a small shed made of wood where some groceries and condiments are sold
kipolu,A small wire fence usually placed to hold cattle
kishi,Money
klasi decentz,Klaasi decent is a fast raising upcoming musical artist he is a singer.
knacking,Act of sex
knicker,knee-length (or shorter) trousers. also called \'short knicker\'
knockout,Popular fireworks
knot nine knot,1. Cell phone see:090
ko,isn\'t it
ko gbadun,expression disagreement to what someone is doing.
koboko,1. Cane
kognomi,word used to describe love potion usually ingested as solid or liquid food
koko,penis
koko waves,Unbrushed hair
kokolette,"Refers to a female partner, mostly of a sexual nature"
kokoro,"This refers to insect. Word origin is Yoruba, south-west Nigeria."
kolo,"1. Mad, crazy 2.Unbelivable"
kolobi,"Also see ""Colobi"". 1. To take charge or control of a place or a situation. 2. To successfully..."
kolokolo,glutton
kolombi,To woe a kill
kom kom,This is a container usually made of tin. This kind of container can be found in the packaging of ...
kon,1. Use before verb to signify what has happened or will happen in future
kon3,this means country in english
konji,"High libido, sexually aroused etc"
konk,using the knuckles to hit someone on the head.
kontri,It mean country in english. It also called kon3
kool tempa,It simply Means: Calm Down!!! TAke it Easy!
koro-koro,see kro-kro.
korokoro,This means face to face or eyes contact.
koror,Corner or tight position. Not a pleasant one
kosi werey,No wahala
koti,A Police or uniformed officer
kowatiate,"To explain or expand on something. A play on the English word, \""expatiate\"". Kowa means, to tell..."
kpafuka,1. Give up the ghost 2. To die
kpai,1. to die 2. to tire to the point of death
kpakam,A slang used to lay emphasis.
kpakay,1. To steal; To get hold of something usually with violence. 2. The word is an action word which...
kpako,"from hausa meaning \""wood\"". informal: vain; fool; useless; dead."
kpakrikpa,Immediately
kpalaba,Trouble or problem
kpalas,see Banny
kpali,Passport or certificates of some sort. also pali
kpanch,To have sex or make love
kpanda,"Spoilt, inferior"
kpangolo,"(also know as pangolo) 1. metal, steel or aluminium 2. It can also be used as an insult to..."
kpans,(Spoken informal) To have sex.
kpansh,"Sex, sexual intercourse"
kpas,"An idiot, a fool or stupid person."
kpash,nonsense: An adjective used to explain when someone is not making sense
kpata,"Abero slang for ""Underwear"""
kpata kpata,completely or totally. also pata pata
kpatakpata,1. In conclusion. 2. Worst case senario
kpekere,yoruba name for fried unripe plantain. this is a snack. in lagos it is sold mostly by roadside ve...
kpekus,a vagina but depending on how it is used it could mean sex (vulgar)
kpeme,It means to die
kpians,Used to refer to witches
kpoli,
kpomo,Kpomo means 'cow skin'
kpon kpi,To calm down. To relax. Especially when one is agitated. Commonly used in the Niger Delta region.
kpoof.,Die.
kpor,Word for anything that is fabulous or good .
kpor-kpor,A force man
kpro,"It is used as a verb to mean \'to take it easy with\' or \'to mellow,\'to agree\'"
kpuf,Shoot
kpuvie,"a female Virginia, pussy spoken around the edo and delta area."
kri,Crazy
kro-kro,rash
krokro,Skin infection
kudi,Money
kuja,To be startled or frightened
kukere,A calabar dance by iyanya
kukuma,"as well, at once, already"
kulikuli,Snack made from ground peanuts. (Origin: Hausa)
kurukere,"to act shady, to walk in a seductive manner"
kuruley,Sleep
kuturu,Leprosy
kuza,money or legal tender
kwanta,"Problem, get into trouble"
kwapsi,to mess up or do something wrong
kwashiorkor,a severe form of malnutrition characterized by edema and an enlarged liver caused by sufficient c...
kwav,to whine; grind
kway,"A form of greeting meaning "" how are things""."
kwili kwili,See german stone
laff,means Laugh
lai,Lie
lai lai,Never or not in a million years
lai lai to lai lai,Never ever
lailai,Yoruba word for NEVER!
lakpa,"Deny, refuse"
lamba juana,Someone that misbehaves
lamba mean lies,Girl no de give me lamba
lamushuan,To have sex with someone.
land,To hit or to arrive
lap,Carry someone on your lap during a car ride
las gidis,alternative name for the city Lagos
lasgidi,"Lasgidi or gidi means lagos, the former captal of Nigeria."
lash,to have sex
launch,to use a newly bought product for the for the first time.
learner,someone that is inexperienced or clueless
lebe,It means having a big mouth or big lips
leg over,Means to deceive or pull one over someone. It originates from the technic where a soccer player...
legbere,a novice
legedis benz,Derived from Mercedes Benz. This denotes someone without a car and who walks everywhere.
legedisbenz,Someone who walks everywhere because they don\'t own a car
leggo,1 (Warri Slang) It can mean lets go or lets start.. Or even in extreme case death.
lego,Means To leave or to allow
legxus,Someone who walks everywhere because they don't own a car
legz,Shoe.
leke leke,an all white bird called cattle egret
lekpa,A thin/slider person
lekpa shandy,very slander person
lem,verb: To eat Noun: Food
lem.,To eat.
lemb,To eat.
lepa,Skinny bony person
lepka shandy,very slander person
let my people go,This is when someone berely passes and exam
lette,"noun; food, verb; to eat food"
levels,Status in society or within a group of friends.
lie lie,a liar
life,"1. At all, not a chance, impossible"
life no balance,Life or whatever situation being dealt with at the time is not fair or even.
lift,Elevator or Escalator
light,electrical power - usually coming from NEPA (see NEPA) or the PHC.
like play like play,Before you knew it
liva,confidence ; that i don't care attitude! area boys swag
liver,"Courage, audacity: \'to have liver\' means to be brave, often in a foolhardy way."
local,Fraud that originates and terminates in Nigeria
lock up,Lock up simply means to just forgive person way offend u;also just forgive am.
locker,"school desk with shelves, usually with an opening to keep books in."
lockito,"Uninformed, not well traveled"
loki,somebody who is not sophisticated or rash. this comes from the word LOCAL - somebody who has not ...
lol,pity
lolz,Funny
long leg,well connected
long thing,"1. empty promises, 2. story, 3.long story"
long throat,greed eater. always want to eat when others are eating
longa throat,"greedy, unsatisfied person"
look for ur own life,"MEANS, WHEN SOMEONE DOESN\'T CARE ABOUT HIS LIFE"
looku looku,to be looking at someone or something for a long time.
love,To have a strong afeection or tender deep for somebody or something
love you,Love you
luba,Money
luv,
lwkmd,"a facebook abbreviation for \""laugh wan kill me die\""..used when something is very funny and you ..."
ma,Ma means make
ma le,mother PRONOUNCED: Mah-ler
ma pin,a sacarstic or rude way of not answering a question. continue asking
maara,Used to describe a person who can’t chest or dances at the whip of the cane.
maari,to slap someone
mach,"1. step on, trample upon"
macham,to step on something or someone. satan don fall for gutter ohh macham macham
machin,Something expensive or impressive
machine,motor cycle see: okada
maclean,literally a brand name for a particular toothpaste but used 2 describe all kinds of toothpastes
mad ooo,A Nigerian slang describing when something is really cool. It is also an expression of surprise. ...
maga,really messed up
maga (419),The mark in a con
maga no need pay,The white-collar job and office work isn\'t for everyone.
maggi,brand of spice/seasoning popular in Nigeria
mago mago,This is word means trickery. When someone is not acting straight forward.
maintain,To stay calm
maja,"To harass, intimidate, cow someone down or put fear in some one"
make,Let. Used to signify that you are going to do something.
make eye,to wink at someone
make i hear word,1:shut up 2:keep quiet
make mouth,Boast
make sense,Used for something that has value
make we,Let us
makossa,Do not bring your problems over to my area and spoil my joy--sort of
mal,It means abnormal
malan,it means teacher
mallam,someetimes means an hausa person or a muslim
malle,mummy
malo,a derogatory term sometimes used to refer to a Hausa man.
malu,cow
mama,Mama na another name for mothers
mama put,Local restaurant often found on the street corners. They are cheaper than proper restaurants.
mamaput,1. roadside restaurant
mami water,Pronounced: MAMI WATA.....Spirits of the Water...Like a Mermaid. At most times they\'re females.
mammar,to hit or beat something or someone
mammy water,A mermaid....she is considered evil bcos she lures men into the sea or river and makes them her l...
man pikin,Son of man Use mostly to express frustration or reject suffering.
manchester,to feel horny
manchi,A guy
manya,to get drunk/intoxicated on drugs or alchohol
mara,Mara can be used to depict madness.
marle,Used to refer to a mother
mary amaka,To dress very covered or modestly without show any kind of body shape or curves.
maskaform,To misbehave.
mata,matter
match banga,To have a one night stand
mate,"Social class, people on the same level"
matrix,In a state of Drunkenness
maye,Originally a spanish word. But means the victim of a fraud.
maza maza,"Adverb: to do something quickly or rapidly Can be used as an exclamation like ""¡Rapido!"" in Sp..."
mede mede,"salad, foreign cuisine"
medi,"An abbreviation for medicine, which could also mean charm."
megaurd,Security officer. usually a watches and opens the gate of a house
mek,Make
mellow,"to calm down, or take it easy"
memmeth,"a coded word used instead of mentioning a place,person's name or thing"
mental,"The person is crazy, The word comes from someone is mentally unstable."
meow,"To escape, disappear, to leave in a haste"
meruwa,"mallams (hausa/northern men) who sell water in jerrycans. they are a common sight in lagos, parti..."
mescagizing,Messing up and not behaving as expected
mess,to fart or pollute the air
mgbeke,an unrefined girl especially from the eastern part of Nigeria
mia,To flee; to hurry away
mimi,King part
mineral,1. Soft drinks
minerals,Soft drinks packaged in 35cl glass bottles.
misyarn,"to talk rubbish, trash or wrong thing"
mo-ed,To get drunk
mofty,Casual wear. Usually used when students in uniform are allowed to wear clothes of their choice. T...
moi,"Translate to as ""my"""
moi-moi,Bean Cake
molue,"see DANFO. This is a beat up bus, most known to be in Lagos. These buses are usually in very bad ..."
momsi,mother
monkey post,narrow football goal post
mooto,refers to a car
mopo,mobile police
moro moro,A clean shaved head or hair cut.
motigbana,My love
moto,Cars in a bad shape are often referred moto.
motor bike,"motor cycle see: machine, okada"
move,"steal, go"
movement,Lets go
moze,A girl
mozz,It is used to tell someone to get out of one\'s sight...
mr laazis biography,"Mr laazis is a gospel singer,rapper and songwriter.he owns Mr laazis music (MLM)"
mtcheew,"a popular sigh of disapproval in Nigeria, (maybe West Africa). The sound can be heard when one st..."
mtchew,"Used to show lack of concern, respect, and also to show anger, hatred, and jealousy. It is often ..."
mugu,A fool
mugun,Foolish person. Or a victim of scammer.
mullah,1. A huge penis 2. Money 3. A baton
mumsi,mumsi
mumsy,Used mostly to refer to one's own mother
mumu,Fool (Also see Ode)
mumuni,A very stupid person
mungu,fool
musu,Foolish person. Or a victim of scammer.
mutallab,a rich kid who attempts to throw his life away for silly (extreme) reasons...can be used as an ad...
my own that,
my period,Used when one dose not have money
na,"(It) is. Used to describe something being something else. Depending on tone, can also be used in ..."
na beanz,Used to describe something that is not easy
na dem dey rush us,See we guys no get time for woman or girlfriends na money we dey fine so if we get money na dem t...
na die i dey,To be utterly useless
na fight?,Rebuff to someone being unduly aggressive.
na god,1.God is responsible 2. God's doing
na it,It means that's it
na so,IT IS SO APPROVAL OF SOMETHING
na so you take craze join,Used when you are referring to person who did the same nonsense another person did.
na today,The Obvious thing. Not the first time.
na wa,"An expression of suprise, Damn."
na wa o,Its surprising or am surprise
na wash,Refers to those that ajepako dat start to form ajebo. People usually say it as a snide remark in ...
na wetin?,What is it this time
na yam,Cannot be true. Lie
na you biko,You\'re the man
na you o,Your the man
na you sabi,1. A subtle way of saying 'I don't care what you think' 2. Your problem
nack,"To hit,slam or to make love to"
nada,Nothing
naija,Slang name for Nigeria
nak,1. Tell 2.Hit 3.Eat 4.What someone is wearing
naso,that's right (can be used as an exclamation or a reply to something or a statement you feel is right
natin spoil,"No sweat, no problem"
naw,adding emphasis to a statement
nawa for you,You have just blown my mind
nawa oo!,An exclamation of anger. Usually used in the case of disappointment.
nbomuso,
ndi yoruba,a phrase of Ibo origin meaning 'Yoruba people' or Yorubas
nepa,"Officially the National Electric Power Electric Power Authority, presence of electricity"
nepotizm,Corruption
newscaster,A person who spreads wrong news
next level,This is a slang used by All Progressive Congress (APC) in 2019 campaign rallies.
next tomorrow,The day after tomorrow
nfa,No Future Ambition - A jobless person
ngbeke,Local girl or village girl (igbo origin)
ngbere,"This refer to penis. It is also called anaconda, working stick, Bazuka."
nig,"A man who subjects his life to committing petty crime, such as theft."
niga,Mean way of sayin black person
nigeria answer,"Is a wrong answer reply to some one who ask you ""Nieria question"". The word derive from a group o..."
nigeria question,Is a kind of question that some one ask you when they see you doing a particular work or somethin...
ninja bike,Power bike
nko,wat about...or how about...
nna,An Igbo originated word meaning Man.
no be small thing,1. Astounding 2. Hard
no be small thing o,Its not easy
no be so,Not like that
no bi?,is it not?
no dull yoursef,1. Gotta be smart. 2. Avoid boredom
no dulling,Don\'t deceive yourself
no fight,Stay away from trouble. (used in the south south region of Nigeria when saying goodbye)
no lele,Where there is no problem or trouble.
no long tin,No beating around the bush
no reach,Not enough (usually referring to money)
no shaking,No problem
no vex,don't me mad/ don't be angry
no wahala,"this basically means, no problem"
nollywood,Name of Nigerian movie industry
noni,On point!
nonilizin,"It means to party or hang out alone or with friends,family e tc"
nor,"another word for no. some use ""nor"" in their text."
norlute,Sex
nosh,Smoking Indian Hemp
nothin de pa,No problems!
nothing do me,I'm absolutely fine
nothing do you,1. I've got your back. 2. There's nothing wrong with you.
nsk,Short form of Nsuka a place in Enugu state Nigeria.
nta,1.nigerian television authority 2. gossiper
number six,"Intelligence, common sense"
nyanfu-nyanfu,"plenty, lots,"
nyanga,"Showing off, posing"
nyash,bottom; back side
nyash am,to have sex.
nylon,plastic bag. The kind usually given customers in super markets after good have been bought
nysc,Now your suffering continue. A homonymn for National youth service corps
o-b-o,an adjective used to describe a rich kid it is an abbreviation for Omo Baba Olowo which means 'a ...
obago,"Something has happened, a bank alert has come through"
obioma,mobile tailor who mends clothes.
obj,"OBJ-Olusengu Obasanjo, Nigerian Army general and former President of Nigeria."
obo le wu,"Used to describe a male person always after anything in skirt ...juvenile, young, old, fine, ugly..."
obodo matress,Use to describe traveling abroad. espcially Canada where all the amenities are readily available
obstacle,meat in food
ode,fool
odoyo,"A very stupid person, an imbecile"
oduimitete.,Men who delight in fornicating with very very young girls.
officer,Policeman or member of some law enforcement body
ofofo,To tell everyone about a person's secret
ofofonobs,"Ofofonobs is a word which means gossip for the nobles, Ofofo (gossip)... Nobs (nobles)"
ofor,Ofor is the south street slang for phones.
oga,"Boss,master"
oga ade,this means mister man Gentle man Guy''
ogbanje,Word for witch or evil spirit.
ogbene.,A kind of fabric sack used by Market women for safe keeping of their sales proceeds which they us...
ogbeni,"this is a yoruba word for ""MR."""
ogbongeh,something amazing
ogogoro,schnaps also schnapps; shot
oh boy,Man or friend
oibo,White person (man/woman)
oja,Cannabis
ojongo,Big mug used in drinking beer or tombo(palm wine)
ojoro,"To cheat, usually by manipulating the outcome of a certain event."
ojugo,Someone that uses glasses
ojuju,masquerades
okada,Motor cycle see:machine
okoman,father
okoro,also okoroman. An Igbo person.
okpe,Fool
okpeke,"Name for a lustful, flirty girl. A pert girl. A wanton girl"
okpo,A female who sleeps with men for cash. They are usually seen on roadsides mainly at night.
okrika wake up,"A market that sells used items e.g clothing, shoes etc"
ola,
olairewaju,liar
olaitan,see olairewaju
old mama youngie,older women who dress much younger than their ages. women who try to appear young by using too mu...
ole,"A thief, armed robber"
olingo,Extreme enjoyment. Partying. Having a good time.
olodo,a very dull person
olokpa,police officer
oloomi,my wife or my sweetheart
oloshi,criminal
olosho,A standard cunny Prostitute.
oluwole,Fake items especially documents
omila.,Armed robber.
omo,A man or a buddy.
omo igbo,a word of Yoruba origin meaning Ibos or Ibo people
omo me i don tire abeg o,Since morning i just the the work you think say me i no the tire
omo nna,Used by yoruba people to refer to igbo people. See omo igbo
omo®,Nigeria most popular brand of detergent. Now used to refer to all forms and brand of detergents
omoge,"Slang used to any Fine/Pretty/Cute Girl/Lady/Woman...\""Female\"" Basically."
omoh,"Pronoun word for ""this"" or ""that""you referring to someone or something"
omomo,This is another name for baby.
omor,"An exclamation, used to show somebody is surprised or shocked"
omor i no dey sleep since guy,
one kyne,"an unusual, usually not lovely, feeling,attitude or manner"
ontop of,a way of saying on - describing when an event will happen.
onye oshi,Thief
opaks (alt. okpata),Nonsense
opata,Nonsense
opeke,sweet chicks
openlenge,a very lean/slim person
opia,"black magic, witch craft"
opio,prostitute
opulopulo,an albino. usually considered derogatory
organizer,1. A host or creator of a party 2. Someone who is know for helping people out
origo,"also spelled ORIJO. Compare to PIRE. An original CD, usually an audio CD. This one has a complete..."
orijo,"Original, Authenthic, Genuine, Non-fake"
oringo,
orishi rishi,Assortment. Assorted things.
orishi-rishi,extra things added to spice up a meal
orkrika,Fairly used clothes or second handed clothes
orobo,a big/fat person
orosby,"orobo, fat person"
osaro,osaro
oshe ooh,Thank you oooh
oshelengen,1. To show off. (Also See Shakara)
oshere,Means Girl
ota,An enemy/ hater. Of yoruba origin
otepu,Girl
otondo,Usually used to refer to youth corpers especially the fresh ones still in camp. Could also refer...
otumokpo,Fetish (see juju)
ovasabi,to boast or act with excess know-how or skill; Knowing too much
over do,excessively do something
over sabi,it means for one to be overbearing
oversabi,Used to describe a know-it-all or his behaviour
overzee,over ambitious
owu,A state in which you are Flat broke
oxlade,"This is a type of knacking, that involves a man to position like Spiderman to knack energetic and..."
oya,lets get it on or its on
oya na,1. Let\'s go 2.It\'s Time.
oya oya,Hurry up; be quick
oye,aircondition or cool environment/air
oyibo,Means that you are a White man or you are not nigerian or a black person with lighter skin
oyinbo,white people
oyinbo pepper,1. An expatriate or foreigner who is generally considered as having an untrained palate for eatin...
oyo,On Your Own
oyoyo,1. Good times 2. Jollification 3. Welcoming someone coming from a journey
ozenge benge,when something make sense and it is funny.
p-h,"short form for Port Harcourt, which is the capital of Rivers State, the southernmost state in Nig..."
pa le,father Pronounced: Par-leh
packer,"A dust pan, shovel like utensil where dust is swept into for removal"
paco,Broken biscuit mixed with milk and sugar into a paste. Popularized by Adesoye Colege Students.
paddy,a friend
padi,"Good Friend! ;Homeboy, Homegirl; Bestfriend etc"
padiwise,"Friend of the wise used for a vtu platform, which can be found in nigeria"
palava,means problem
palaver,Serious form of problem or trouble that one may find difficult to be free.
pale,The male parent that gave birth to you.
pale and male,Parent's (Father and Mother)
palikelecolo,My head is getting high
palikelecolu,The word was use by upcoming artiste zkyboi which means my head is heading high
palle,daddy
pami,"palm wine, which is an alcoholic drink which consists of mainly the sap from palm trees. Right wh..."
panadol,"a popular pain reliever, which is a white tablet. there is also panadol extra, which is stronger."
pancake,Makeup
pancake yash,"Flat buttom, having no flesh and bony"
panku,Mkpamkpankụ the masquerader/maradaurer of slaves
papa,"Father, grandfather"
para,To get angry
para /pa-ah-ra/,To hitch a ride. It could also mean a freeloader.
parade,Referred to as cult group; especially in Benin City.
paraga,alcohol
parle,Name for father
parol,activity
paroles,1. Movement 2. Man/woman one is seeing or intends to see
parrot,A talkative
parti,Party
passenja,the way passenger is pronounced.
pata,Means...Underwear; Panties; Yoruba Word for: Panties
patapata,1. to a complete degree or to the full or entire extent 2. without any others being included o...
paw,"jibbrish,rubbish"
pdp,"To cheat someone by chorp his money that was given to you to give him. example, you were given 35..."
peche,1.chill out 2.relax
peel out,"A variation of the Pidgin English phrase ""cut out"" often used to refer to a hurried escape."
pemee,to die.
peperepe,"A fine, sexy, model looking, figure 8 girl"
pepper,money
pepper dem,It is a phrase that means to impress or arrive with swagger
pepper don rest,meaning there is a lot of money or I have gotten a lot of money pepper means money
pepper no rest,lack of Money
pepper soup,"A very spicy soup consisting of mainly goat, cow or chicken intestine."
personal person,best friend
pesin,person
pharisee,someone who\'s acting like a fool or someone who doesn\'t belong to the inner circle
phem,"To ask someone to be quiet, keep still or keep calm."
phoné,1. To speak in a tone that is observes all of the phonics rules. 2. To have a posh or foreign ...
piante,Means go away
pick race,Run away swiftly.
pickin,An infant or a little baby.
pidgin,Pidgin english is are words at are opposite to english language.
pikin,This word means child
pipo,people
pire,"pronounced (PIE-RAY). This is a pirated CD, usually an audio CD. This is much cheaper and availab..."
piroro,Nick name for peter
piss,To pass liquid waste from your body
pito pito,"1. This word is used to describe something disgusting, probably semi liquid. 2. Mud"
piyom,penis
pkoki pkoki,Derogatory term often used refer to sexual intercourse.
pkoti,"Worthless, bumlike character"
plant,"a large generator, which usually supplies electricity to a big building."
plaster,1. (Warri slang) meaning to shut up or keep quiet.. It can also mean dont work or to forgive some...
plenti plenti,"1. A lot, abundant"
poke nose,Getting into someone else\'s business
pomo,"Cow skin, this is usually prominent form of meat for poor people"
pomp,Running tap / Faucet
pomshele,means fine girl or chick
popori,when someone looks fresh or well kept
popsi,"father see:fada, papa"
popsman,father
popsy,Referring to one own's father.
porti,meaning food not well cooked or mixing food ingredients the wrong way.
poshey,Hissing..To Hiss
poto-poto,"Mud, dirty water, muddy or murky sanded water"
poundi,pounded yam
pour eye,To check out a place or something
pra,"leave quickly, escape"
prack,To have sexual intercourse
prais,To bargain or to haggle
presido,President or chairman of a group
press,To fondle
prick,the privat part of a male. penis
prizin,"Means: Prison , Jail , House Arest, lock up with criminals,"
provision,"This is a term used to describe food, usually junk food like cookies, soda, instant noodles given..."
puff puff,popular bread-like snack made from dough. It is usually little round balls.
puna,A woman's vigina
pupse,Simply means old man
pupsi,daddy
pure,Don't feel right
pure watar,"locally sold packets of drinking water, also used to ask for a tip"
purge,Diarrhea
push,To move out; get out
pussy,Vagina
quack,To tackle or trip
quams,Problems or headache
quanta,"trouble, problem"
quench,1. Switch off
quick quick,quickly
qwyan,"It means "" What! "" When you heard something wrong or bad. it is a form of exclamation"
rack,to fight.
raina,disrespect
rake,1. Empty boasting 2. Venting
raz,"1. unsophisticated, local"
razz,"untidy, rough, dirty and bad looking"
reach,"Arrive, come to"
reign,When someone is popular or when something is in vogue or trendy.
relass,To relax or cool down. Become less tense or anxious.
relate,To talk or to communicate
remain small,"1. Nearly, almost"
remote control,To control person with Voodoo
ride,Any flashy car is referred to as ride.
rimuv,Remove
ringtone,The sounds a girl makes in bed
roadside,A term used as a prefix to so many other words like for example a roadside doctor would mean a qu...
robb,a balm which is rubbed on the skin surface to take away pains. sometimes ignorant people may use ...
rodah,Julius georgey girl frend
roll,"to Move, Walk, or go away"
run things,to make things happen especially when you come out successful or to be in total control. A good w...
runs,"means: Deal, or business, or prostitution depending on context."
runz,"In the process of wooing a girl, see: toast"
runz girl,A high class prostitute. A runz girl does not stand in the streets to get customers.
s.m zamani,s.m zamani is an afro singer from benue state.
s.m.b,S.M.B (senior man on board) is an afropop singer from benue state
sabi,to know something or someone
sabi sabi,someone who behaves as if he/she knows everything. someone who is too forward.
sabina,A female know it all.
sabinus,A male know it all...
sagba,A homosexual male.
sai,An exclamation mostly used by Calabar people
sakoro,"run, to run ( to scamper)"
sakpa,"1. (Warri Slang) Meaning get lost, you r not needed. Fuck off."
sam sam,Never
same blood,
sand-sand,"sand, sandy, a lot of sand"
sanko,prison
sapa,
sapele water,Another name for Ogogoro
sauthi,also called south africa
sayo,"1. Booze, Liquor, Any alchoholic Drink (name) 2. get Drunk (verb)"
scarniversary,A day for survivors of domestic violence to celebrate their liberation from abuse.
science man,Usually used to refer to men who practice traditional/herbal sects
scrap,"barbaric,destroyed"
scrobo,A known and confirmed promiscuous woman who has performed sexual favours to several men for free ...
see mi trouble,"Why are you bringing me trouble,"
see ya hand,Acknowledging the receipt of a gift or bribe
sef,Used to express one's irritation or impatience.
sele,Happen.
sempe,"Means ""to stay aside"" or ""to keep away from something or somewhere"""
send,to give consideration to another person's opinion on a matter or feelings in a given situation; t...
senge menge,when somethings goes well according to plan
senti,Someone starts talking rubbish because they are under the influence of a high presence of food or...
set,looking good
sey,Seems like; as if
sha,anyway; like that
shabi,"A word that can be crudely defined as ""i think"""
shack,To be intoxicated or mesmerized by something.
shak,to drink. especially alcohol.
shakara,This word means when someone is posing or showing off
shaki,A part of a cow\'s intestine. Used for making pepper soup.
shalam,This a prostitute or a loose girl
shalams,1)Prostitute 2) Loose and random girl
sham-sham,Quick! ;Doing something quickly. Without wasting Time
shame - shame,"being shy, a shy person"
shandy,Twenty naira note
shari,Forget about something
sharp sharp,Without delay.
sharp up,smarten up
sharply,"A variation of the pidgin English phrase ""Sharp sharp"" meaning to administer or perform quickly/ ..."
sharrap,Shut up
shawry,girlfriend
shayo,"1. Intoxicating drinks such as beers, whisky, gin e.t.c 2. Shayo could also mean being drunk"
shebi,You agree? seeking approval.
shege,pronounce \'Shay-gay\' is a swear word
sheh kpe,"An exclamation to show surprise,amazement."
shekpe,Any hot drink. Or local gin that can be consumed.
shenging,means: To have sex with someone
shenkes,It is used when refering to a girl.
shewe,prostitute
shey,Right? Or is
shi shi,"Having nothing, it terms of material possession"
shift,Move
shikala,a girl
shikena,It literally means period.
shima,Shima means heart in tiv language
shin gbai,Money
shine,casual sex
shine eye,Be on your guard or be careful
shine shine,"1. Glamorous, Radiant 2. Stunting"
shine shine bobo,"1. Flashy, trendy guy"
shine ur eye,be vigilant
shine your eye,to observe things happening around u properly
shine yua 32,show all 32 of your teeth. to smile widely.
shingbain,Absolutely NOTHING
shingban,Meaning : I don\'t have a dime or am broke
shingke,Name for edible female termites/ant that are bigger than normal ones. Usually seen at night after...
shit,1. Faeces 2. The removal solid waste from the body. 3. To make a mistake.
shittor,When someone has something too big
shiuo,"an informal way of starting a statement, indicating shock, surprise, amusement or fright."
shnap,Dry Gin
sho,what
sho bele,Phrase used to describe a half-top usually worn by women
shodi,A very attractive girl/woman
shoki,A dance style popularized by a Nigerian hip hop song whereby the dancers dip their hands low into...
shoo,EXCLAMATION WORD
shook,to stab. also chuk
shot,"kai-kai, ogogoro: schnaps also schnapps; shot"
show,come or meet up with someone
shu,1. An indication of excitement or surprise. 2. An expression of amazement or awe.
shun,Ignore
shuo o!,"Exclamation to a surprise, Sign of disgust"
shuoooo,Means 'really?' with intention to mock
shuru,Silence
shwo,seriously? (surprised)
sidon,to sit down
simfoe,"simple friend on earth, a way of saying best friend"
sk,another name for marijuana in Afikpo...
skata,"Skata or ""Scatter"" A word used to describe strong impact of a thing, action and or movement"
skelewu,Being decieved
skeroo,"brain, mind"
sketch,steal
sketout,Get out (Predominantly among the Akwa Ibom and Calabar people)
skink,To forget about something OR to describe an action
skrep,Someone that is dirty and sometimes not up to standard. Most especially the females
skunk,Weed
sky,To disappear
slacka,Slow thinking person.
slap,"to trek, to walk a long distance."
smal skul,Kindergarten
small small,To do in a gentle manner
smash,To have sex
sme sme,"sluggishly, very dull"
so tey,until
soapy,ask Naira marly
soda-soap,From washing soda/sodium carbonat: locally made for domestic use and is generally white/pure with...
sofri sofri,Go easy
soja man,20 Naira
soji,A soldier (usually used in southern nigeria)
solo,Beans
sompido,sex
sorfri sorfri,easy or take it easy
sori,sorry
sos,Dish
soso,Borrowed from Igbo meaning 'Only' but in pidgin it mean 'is that all'.
sotey,really long; For an extended period of time
sound you,Hot slap in the face
spensow bowton,fucking cunt idiot who needs a safe space
splaro,Ashawo
splufic,"Something amazing, wonderful, splendid, Incredible, unique...etc"
splufik,\'\'Adj.\'\' It simply means fantastic...
spoot up,Dress up smartly. Looking flashy.
spray,To shower guests dancing at a function such as a wedding with money.
spread,When someone is showing off or over filling himself
spunky,it means sex
sput,To dress in a very nice way
square,to give or to pay up
squeeze face,1. To be frustrated with someone or something 2. To Frown
steez,stuff
stew,"A way of saying something is great, fantastic or awesome"
strafe,To have sex
straff,To have sex
stroke,To insult or mock mercilessly.
strong head,stubborn
strong thing,something bad
sturv,stuff
suckaway,"Sewage, waste disposal system in residential areas"
suegbe,"Idiot, slow person"
sule,a foolish person who is rather slow at anything
sun shade,Sun glasses
sure boy,A guy who there is no doubt in anyones mind he is on the path to success or is already successful.
suya,Very hot and spicy meat roasted on wooden skewers
swag,to be cool
swave,to steal
sweet,Candy
tabon,To make bad errors while speaking or writing
tafia,Gossip 1.(also see aproko) 2. (Ofofo) 3. (Amebo)
tah,"a word, common among the Igbo people, meaning never or unaccepable"
take leg,To walk
take style,Indirect manner. also see mago-mago
talk true,speak the truth
talkative,Someone who talks too much
tanda,"Stand, loitering"
tap,beatiful
tapioca,A meal made from cassava
tapping,Stealing
tata,baby
tatafo,1. nosy person 2. a gossip
tatiana,a person esp. a female who likes to act like a prostitute around men
tay,Long [time]
tdb,Abbrv. Till Day Break. Usually used when someone is studying for an exam all night
te te,The word is used to describe something that has happened a while or long time ago
tear eye,to be angry with someone
tear race,To run at full force
tear rubber,Brand new car
tear shot,Kick a hot shot during a football match
tear-leg,"To tell someone something that is not true, as a joke."
tek time,be careful or stay out of my way
televishun,To flaunt or show off.
television,Show off
teo,This a slang used in secondary schools to refer to masturbation
tere,Picking on a person
test,
tewe,Private part
tey,Taken a long time
the party don dey shele,
this place no go better again,there is no hope of improvement for this place
throw blow,To Punch
throway blow,To punch or hit someone your fist
throway salute,Give a big shout out
thunder fire you,I hope you get struck by lightening Pronounced: Tondah Fah-ya you
tief,Thiefe
tifet,It mean when someone is very funny.
tiff,Noun: thief Verb: the act of theft. Not to be confused with robbery.
tight,to be good at something
tile,"its a word how you use to call your girl who you like , love"
time na money,Time is precious
tk,An abbreviation or acronym of the names Taiwo and Kenny (names given to twins)
to smell mouth,to use abusive words in a conversation
toast,"To woo a girl, give her some player lyrics"
tofia,"a curse word of igbo origin used to reject something from happening or simply ""God forbid"""
tok,talk
tokumbo,1. Second hand (used)
tokunbo,faily used or second handed stuff
tolotolo,1.Turkey. 2. Show off
too know,someone who is too forward. someone who behaves like he/she knows everything.
too much,"use to say ,when one is please with a job done by someone eles.use to complement someone"
toospero,go away
tori,"Story, news, discuss"
torko,Conclusion to a statement
toronto,fake educational degree
torront,Stupid
tory don wowo,This situation has turned ugly
toto,This is popularly know as the mail penis but is interchangeable with the female vagina
toto-brusher,"Used to describe a guy always wanting to sex a girl no matter the looks, age or finese."
totori.,"To tickle,titillate or excite."
tout,"area boy, agbero. basically rowdy guys on the street"
trad,local traditional clothing
trafficate,This refers to the use of indicator lights in your car to show what direction you intend to turn.
trip,crushing on girl or boy
tro-way,to dipsose of something/ toss something
troway,To spill; make a spill To throw away; empty something out
true to god,I swear
tuale,An informal greeting for a respected personality.
tuffia,God Forbid
tufiakwa,God forbid
tum-tum belle,Big rounded belly. Bier belly
tumba,To hit something very hard
tumble,"somersault, roll over"
tumbler,Cup or mug made out of glass
tumbulu,to summersault
tune,to woo a girl. see: toast
turn up,To be successful financially and to be famous
tush,a term used to describe luxury and affluence or used to show that a subject is of a higher class.
twale,I salute or hail you or well done. It is used as an expression to cheer someone on or as a form ...
two for 10 kobo,Cheap
u chop craze,Are you crazy
u chop witch,Use to emphasize if someone is possesed or charmed
u dey craze,u are asking if the person is crazy
u dey jollof my heart,I love you
u dey xul,am leav'n facebook 2 plan 4 my lyf en focus on my future i will be back after 5 minutes :-) Dero ...
u no get sense,This is a insult that someone who is behaving anyhow.
u.i,University of Ibadan. first University in Nigeria
uche,Brighter fit
udo,Means peace. A response when some one ask you what's up or what is happening? You mean there is p...
ukpa,see kpekus Also used as an exclamation.
umee,very gud fud
una,means you guys
unbwogable,"adj. unshakeable, unbeatable, unstoppable. Etymological Note: English un– 'not' + Dholuo bwogo 't..."
under g runs,Something secretive
under-say,"Because, (for the REASON that)"
uniben,University of Benin
unilag,University of Lagos
uniport,University of port-harcourt
unto the matter,Straight to business/cut to the chase
up nepa,An expression used to praise Nepa when power is restored. See Nepa
up stair,One story building
upon say,means: added to the fact that
vamoose,to run away; to depart hurriedly;
vamoosh,Make hasty retreat or dissapear
veks,"To vex, get angry"
venue,Location of a party
vex,"A word used in a conversation or rather upsetting,angry dispute during an argument between people..."
vex comot,Storm off in anger
vexation,Someone getting annoyed
vila,One\'s village
village person,"Someone who hail from a village, or is unsophisticated and local"
voicemail,"When an item or person is no where to found, like it reaching a point of no possible return or re..."
waaka,walk
wack,To Eat food
wackies,"Foods, heavy Foods, Afican Foods"
wafi,pidgin englise
wahala,Wahala generally means problem or trouble.
wahala don come,
wak,to eat your food with a lot vigor
waka,walk away
waka jam,an insult/curse towards you and loved ones. mainly used in violent altercations
waka waka,Dis means \'ashewo\' which means prostitue
waka!,"Usually followed by the five-finger-salute, it is a curse or swear word"
wakabout,one who enjoys walking around or walking around aimlessly
walahi,1. I swear to God 2. Believe me
wan,"meaning ""to do"" or want to"
wangara,Policeman
wara,locally made cheese
warridis,"A condensed form of ""What is this?"" Used to describe surprise and disappointment."
wasapp,whatsapp
wash,Using or celebrating a newly acquired good for the first time.
wassuputunu,"A generally accepted style of greeting, popular with the youthful folk. It is also a basic conver..."
watar don pass gari,"the water is more than the gari, so you can not eat it! Is used to refer to a situation gone bad."
watch night,security guard
water proof,plastic bags.
wawu,"When something is so interesting and suprising, and you want to respond but wow is too mainstream..."
waya,seriously wanting or needing food or such feeling. having a strong wish or desire.
wayo,Trickery and deception
waziri nose,A curse word. Extremely wide nostrils.
we die here,"A slang meaning an positive, unchanging, firm resolution about one's stand."
we go collide,We will meet
weewi,indian hemp
well well,"Properly,totally or completely."
wella,Well
welu welu,a word to emphasize how good something is
wen,when
werey,"from Yoruba. mad, crazy, to act irrational"
western baba,Western union. An international money transfer company
wetin,what is
wetin dey,wetin dey literally means whats up?
wetin dey sele,This is a question of Yoruba origin and it means how are you or what is going depending on how it...
wetin dey sup?,1. What's up? 2. What's happening? 3. What's going on?
wetin dey?,"what\'s up?, how\'s it going?"
wetin do you,What's the problem with you?
wey,where is
wey means that,Wey also means that
weytin,question
which kind nonsense,what kind of nonsense? or what is this nonsense to be used to express confusion or frustratio...
which levels?,What's goin on? hw re you doing?
whinch,a bad person
whinzy,bad- luck
whnich man,Evil man
who dey yan,An example definition of who dey yan ; a curious way of knowing who's actually talking when you...
who don blow don blow,Who is rich is rich
who you be?,who are you?
whosai,"never, impossible"
whot,It\'s a popular card game
why you dey fall my hand?,Used to describe a situation whereby another person tries to expose you or antagonize you.
whyne,easing and contemptuous language or behavior directed at a particular person or thing
wida,Wida is a south south slang meaning Whats Up
winch,witch. a person who does juju or black magic
winchi winchi,Witches
wind,To tease or pull ones legs.
winsch,A witch
winsh,"Generally refers to a bad person, a witch"
wire me,to transfer something e.g money
without,Food bought in a bukka that does not have any meat in it.
wizzo,a witch or wizard
wobe,Used to define female hustlers or female version of Agbero
woggly,wowo + Ugly = Woggly
woman lappa,When a man is easily controlled by a woman
woman wrapper,This is a man who follows women everywhere and will do anything for sexual relations.
won da mo,means They don't know or newbies
wonderfullous,Wonderful
wor-wor,ugly
worri,"disturb, to disturb so; to be a worry to so, to have sorrow, to worry."
worry,Wrong or cause pain
worwor,Ugly or bad looking person
wose,"A ghetto word for ""slap"""
wound,"Injuries, sexually transmitted disease; especially HIV/AIDS"
wowo,"Ugly, gone wrong"
woz,to slap
woze,To hit or to eat
woze (alt. spelling whoze),1. To beat up. 2. Used to describe a very effective punch or slap.
wu kno go kno go kno!,Who has not gone their will not know what happening their
wuna,A group of people
wund,To get hurt or to hurt someone see: wound
wunjure,To wound or injure other or one\'s self
wuru wuru,Not Straightforward
x,Leave a place
xerox,examination or homework malpractice of copying someone's work
y,a short form for why
y-factor,"the behavior, trait, tendency or characteristic feature of a person who withdraws from an agreeme..."
ya,Your
yab,"To make fun of someone, diss."
yaba left,"If someone asks you if you’ve been to Yaba left or you plan to go there, the person is actually t..."
yabbis,Joke at another person\'s expense
yafunyafun,In abundance.
yahoo boys,guys that use yahoo for fraud. they send you emails on your yahoo to send them some money or give...
yahoo yahoo,Frauds on the internet (yahoozee)
yahozee,Dance steps formed by a Nigerian artist known as Olu Maintain
yakata,Heavily
yakpa,Plenty or in abundance
yakubu,Usually used to refer to a person who misuses opportunities regularly.
yakubuu,It is used when refering to someone a s a failure
yama yama,This word is used to describe something that is ddisgusting and probably sticky.
yama-yama,Rubbish
yan,To talk or communicate
yanga,"to pose, show off"
yangan yangan,A lot
yankee,United States of America
yansh,Ass or buttocks
yanshman.,Homosexual.
yaradua,a person who abandons his people/post/duty and is silent for a long period of time...also used as...
yarn,To Say; Talk
yarnsh,Bottom
yash,Bottom
yashman,Gay guy.
yawa,"problem, get into trouble usually with the law or someone closely related."
yawa don gas,Things have exploded into Trouble!
yawa go gas,There will be problem
ye pa,Yikes!
ye-ye,"e.g u tu dey yeye, means you 're very naughty"
yeee,"Exclamation, usually negative"
yeka,The name of the winner of the 1st ever edition of Nigerian idols. YEKA ONKA
yellow fever,"a group of policemen/traffic wardens, who used to conduct traffic in the 1990s and earlier. Nowad..."
yellow man,Albino or very light skinned man.
yeye,bad/spoil
yeye:,Useless and senseless:Of a person or a thing.
yi mu,An awkward movement of the lips towards the nose acknowledging that someone is jonzing.
yimu,Origin:Yoruba. (verb) To push one's lips as if pointing at someone with it in mockery.
yon,"To run, or walk in a haste. 'Yon' is mimic from the word 'run'. Yon is the way a typical calabar/..."
yonda,far away or rather yonder
yori yori,"sweetness, a good feeling about someone or something"
yoruba,A tribe in Nigeria
you are looking for my trouble,You are trying a problem with me.
you chop craze,are you mad
you chop witch?,Are you a witchcraft ?
you dekres,"are you crazy, are you mad"
you dey mad,are you crazy
you do well,Thank you
you don kolo,you\'re beginning to act foolishly
you don lem?,You don eat
you go fear fear,scared to death. Usually used to exaggerate the degree of an event or happening.
you go know yourself,A threat said before a confrontation or fight.
you go wound,"Dangerous, harmful, not for your betterement"
you see your life,
your father yansh,Your father ass
z-town,Zaria in Kaduna State.
zanga,rendevouz
zanku,"A new, energetic dance that has taken the Nigerian social life by the storm. It involves the a..."
zeburudaya,Name of character in Nigerian soap Opera; The Masquerade famed for making up humorous words and p...
zero one zero,"(University slang) No breakfast, have lunch and no dinner due to financial hardships."
zero zero one,Eat only dinner.
zero-one-zero,"A Slang common among university students meaning one with no breakfast to eat, eats lunch but no ..."
zink,roof. roofing sheets from sheet-metal. common on nigerian roof tops.
zinzin,To violently have sex with a sex worker
zip,Shut up (when u h've used zip up )
zombie,Derogatory name for Soldiers originally used by Fela Anikulapko-Kuti.
zuwo,of somebody who behaves foolishly; a fool.
zuzu,Misbehave or doing stupid things.
zx,
